Id,Usage,date,type,text
1,Public,2022/9/1 0:00,走势回顾,这是2022年9月走势回顾
2,Public,2022/9/1 0:00,供给分析,这是2022年9月供给分析
3,Public,2022/11/1 0:00,走势回顾,这是2022年11月走势回顾
4,Public,2022/11/1 0:00,供给分析,这是2022年11月供给分析
5,Public,2022/12/1 0:00,走势回顾,这是2022年12月走势回顾
6,Public,2022/12/1 0:00,供给分析,这是2022年12月供给分析
7,Public,2023/3/1 0:00,走势回顾,这是2023年3月走势回顾
8,Public,2023/3/1 0:00,供给分析,这是2023年3月供给分析
9,Public,2023/5/1 0:00,走势回顾,这是2023年5月走势回顾
10,Public,2023/5/1 0:00,供给分析,这是2023年5月供给分析
11,Public,2023/6/1 0:00,走势回顾,这是2023年6月走势回顾
12,Public,2023/6/1 0:00,供给分析,这是2023年6月供给分析
13,Public,2023/8/1 0:00,走势回顾,这是2023年8月走势回顾
14,Public,2023/8/1 0:00,供给分析,这是2023年8月供给分析
15,Public,2023/9/1 0:00,走势回顾,这是2023年9月走势回顾
16,Public,2023/9/1 0:00,供给分析,这是2023年9月供给分析
